camera_naam,camera_kijkrichting,rijrichting,longitude,latitude,geom,azimuth,order_kaart,order_naam,cordon,richting
ANPR-01045-A - Rijstrook -1 - IJtunnel,45,-1,4.91308981796649,52.385840032825,0101000020E61000001EE8690401A71340433CC93463314A40,225,9,Nieuwe Leeuwarderweg,S100,in
ANPR-01045-A - Rijstrook -2 - IJtunnel,45,-1,4.91308981796649,52.385840032825,0101000020E61000001EE8690401A71340433CC93463314A40,225,9,Nieuwe Leeuwarderweg,S100,in
ANPR-03010-A - Rijstrook 1 - IJ-tunnel,45,1,4.91308981796649,52.385840032825,0101000020E61000001EE8690401A71340433CC93463314A40,45,9,Nieuwe Leeuwarderweg,S100,uit
ANPR-03010-A - Rijstrook 2 - IJ-tunnel,45,1,4.91308981796649,52.385840032825,0101000020E61000001EE8690401A71340433CC93463314A40,45,9,Nieuwe Leeuwarderweg,S100,uit
ANPR-06041-A - Rijstrook -1 - Oosterdokskade,225,-1,4.90444858936603,52.3776966505022,0101000020E610000039F660C5279E134097DB245D58304A40,405,8,Oosterdokskade,S100,uit
ANPR-06041-A - Rijstrook -1 - Oosterdokskade,225,1,4.90444858936603,52.3776966505022,0101000020E610000039F660C5279E134097DB245D58304A40,225,8,Oosterdokskade,S100,in
ANPR-06041-A - Rijstrook -2 - Oosterdokskade,225,-1,4.90444858936603,52.3776966505022,0101000020E610000039F660C5279E134097DB245D58304A40,405,8,Oosterdokskade,S100,uit
ANPR-06041-A - Rijstrook -2 - Oosterdokskade,225,1,4.90444858936603,52.3776966505022,0101000020E610000039F660C5279E134097DB245D58304A40,225,8,Oosterdokskade,S100,in
ANPR-06021-A - Rijstrook -2 - Westeinde,0,-1,4.89911956590614,52.3581628473942,0101000020E6100000DB0AABCCB2981340A419BA47D82D4A40,180,19,Westeinde,S100,uit
ANPR-06021-A - Rijstrook -3 - Westeinde,0,-1,4.89911956590614,52.3581628473942,0101000020E6100000DB0AABCCB2981340A419BA47D82D4A40,180,19,Westeinde,S100,uit
ANPR-06022-A - Rijstrook -2 - Westeinde,180,-1,4.89911956590614,52.3581628473942,0101000020E6100000DB0AABCCB2981340A419BA47D82D4A40,360,19,Westeinde,S100,in
ANPR-06022-A - Rijstrook -2 - Westeinde,180,1,4.89911956590614,52.3581628473942,0101000020E6100000DB0AABCCB2981340A419BA47D82D4A40,180,19,Westeinde,S100,uit
ANPR-06022-A - Rijstrook -3 - Westeinde,180,-1,4.89911956590614,52.3581628473942,0101000020E6100000DB0AABCCB2981340A419BA47D82D4A40,360,19,Westeinde,S100,in
ANPR-06022-A - Rijstrook -3 - Westeinde,180,1,4.89911956590614,52.3581628473942,0101000020E6100000DB0AABCCB2981340A419BA47D82D4A40,180,19,Westeinde,S100,uit
ANPR-06006-A - Rijstrook -1 - Tweede Hugo de Grootstraat,90,-1,4.87548256216451,52.3741319498988,0101000020E6100000FEDB32807E8013401D9A448EE32F4A40,270,26,Bloemgracht,S100,uit
ANPR-06006-A - Rijstrook -1 - Tweede Hugo de Grootstraat,90,1,4.87548256216451,52.3741319498988,0101000020E6100000FEDB32807E8013401D9A448EE32F4A40,90,26,Bloemgracht,S100,in
ANPR-06006-A - Rijstrook -2 - Tweede Hugo de Grootstraat,90,-1,4.87548256216451,52.3741319498988,0101000020E6100000FEDB32807E8013401D9A448EE32F4A40,270,26,Bloemgracht,S100,uit
ANPR-06006-A - Rijstrook -2 - Tweede Hugo de Grootstraat,90,1,4.87548256216451,52.3741319498988,0101000020E6100000FEDB32807E8013401D9A448EE32F4A40,90,26,Bloemgracht,S100,in
ANPR-06006-A - Rijstrook -3 - Tweede Hugo de Grootstraat,90,-1,4.87548256216451,52.3741319498988,0101000020E6100000FEDB32807E8013401D9A448EE32F4A40,270,26,Bloemgracht,S100,uit
ANPR-06006-A - Rijstrook -3 - Tweede Hugo de Grootstraat,90,1,4.87548256216451,52.3741319498988,0101000020E6100000FEDB32807E8013401D9A448EE32F4A40,90,26,Bloemgracht,S100,in
ANPR-06007-A - Rijstrook -1 - Tweede Hugo de Grootstraat,270,-1,4.87548256216451,52.3741319498988,0101000020E6100000FEDB32807E8013401D9A448EE32F4A40,450,26,Bloemgracht,S100,in
ANPR-06007-A - Rijstrook -1 - Tweede Hugo de Grootstraat,270,1,4.87548256216451,52.3741319498988,0101000020E6100000FEDB32807E8013401D9A448EE32F4A40,270,26,Bloemgracht,S100,uit
ANPR-06007-A - Rijstrook -2 - Tweede Hugo de Grootstraat,270,-1,4.87548256216451,52.3741319498988,0101000020E6100000FEDB32807E8013401D9A448EE32F4A40,450,26,Bloemgracht,S100,in
ANPR-06011-A - Rijstrook -1 - Elandsgracht,247.5,-1,4.87674734565135,52.3684573004216,0101000020E6100000A1B5610ECA81134047A4DB9B292F4A40,427.5,24,Elandsgracht,S100,in
ANPR-06011-A - Rijstrook -2 - Elandsgracht,247.5,-1,4.87674734565135,52.3684573004216,0101000020E6100000A1B5610ECA81134047A4DB9B292F4A40,427.5,24,Elandsgracht,S100,in
ANPR-06029-A - Rijstrook -1 - Alexanderplein,292.5,-1,4.92012861275927,52.3631214072324,0101000020E6100000E1A8EF3136AE1340354524C37A2E4A40,472.5,15,Alexanderplein,S100,uit
ANPR-06029-A - Rijstrook -1 - Alexanderplein,292.5,1,4.92012861275927,52.3631214072324,0101000020E6100000E1A8EF3136AE1340354524C37A2E4A40,292.5,15,Alexanderplein,S100,in
ANPR-06029-A - Rijstrook -2 - Alexanderplein,292.5,-1,4.92012861275927,52.3631214072324,0101000020E6100000E1A8EF3136AE1340354524C37A2E4A40,472.5,15,Alexanderplein,S100,uit
ANPR-06029-A - Rijstrook -2 - Alexanderplein,292.5,1,4.92012861275927,52.3631214072324,0101000020E6100000E1A8EF3136AE1340354524C37A2E4A40,292.5,15,Alexanderplein,S100,in
ANPR-06029-A - Rijstrook -3 - Alexanderplein,292.5,1,4.92012861275927,52.3631214072324,0101000020E6100000E1A8EF3136AE1340354524C37A2E4A40,292.5,15,Alexanderplein,S100,in
ANPR-06030-A - Rijstrook -1 - Alexanderplein,157.5,-1,4.92012861275927,52.3631214072324,0101000020E6100000E1A8EF3136AE1340354524C37A2E4A40,337.5,15,Alexanderplein,S100,in
ANPR-06030-A - Rijstrook -1 - Alexanderplein,157.5,1,4.92012861275927,52.3631214072324,0101000020E6100000E1A8EF3136AE1340354524C37A2E4A40,157.5,15,Alexanderplein,S100,uit
ANPR-06030-A - Rijstrook -2 - Alexanderplein,157.5,1,4.92012861275927,52.3631214072324,0101000020E6100000E1A8EF3136AE1340354524C37A2E4A40,157.5,15,Alexanderplein,S100,uit
ANPR-06031-A - Rijstrook -1 - Zeeburgerstraat,315,-1,4.92631821260291,52.3662812526537,0101000020E61000005046F3C28CB4134091A4D84DE22E4A40,495,14,Zeeburgerstraat,S100,uit
ANPR-06031-A - Rijstrook -1 - Zeeburgerstraat,315,1,4.92631821260291,52.3662812526537,0101000020E61000005046F3C28CB4134091A4D84DE22E4A40,315,14,Zeeburgerstraat,S100,in
ANPR-06031-A - Rijstrook -2 - Zeeburgerstraat,315,-1,4.92631821260291,52.3662812526537,0101000020E61000005046F3C28CB4134091A4D84DE22E4A40,495,14,Zeeburgerstraat,S100,uit
ANPR-06031-A - Rijstrook -2 - Zeeburgerstraat,315,1,4.92631821260291,52.3662812526537,0101000020E61000005046F3C28CB4134091A4D84DE22E4A40,315,14,Zeeburgerstraat,S100,in
ANPR-03006-A - Rijstrook 1 - Kattenburgerstraat,180,1,4.92156599529027,52.37601022662,0101000020E610000074820BFFAEAF1340B325651A21304A40,180,10,Kattenburgerstraat,S100,in
ANPR-03006-A - Rijstrook 2 - Kattenburgerstraat,180,1,4.92156599529027,52.37601022662,0101000020E610000074820BFFAEAF1340B325651A21304A40,180,10,Kattenburgerstraat,S100,in
ANPR-06018-A - Rijstrook -2 - Weteringlaan,0,-1,4.89084292849594,52.3581210113651,0101000020E61000003D0DEF20399013406EE9C7E8D62D4A40,180,20,Weteringlaan,S100,uit
ANPR-06018-A - Rijstrook -3 - Weteringlaan,0,-1,4.89084292849594,52.3581210113651,0101000020E61000003D0DEF20399013406EE9C7E8D62D4A40,180,20,Weteringlaan,S100,uit
ANPR-06020-A - Rijstrook -2 - Weteringlaan,180,-1,4.89084292849594,52.3581210113651,0101000020E61000003D0DEF20399013406EE9C7E8D62D4A40,360,20,Weteringlaan,S100,in
ANPR-06020-A - Rijstrook -2 - Weteringlaan,180,1,4.89084292849594,52.3581210113651,0101000020E61000003D0DEF20399013406EE9C7E8D62D4A40,180,20,Weteringlaan,S100,uit
ANPR-06020-A - Rijstrook -3 - Weteringlaan,180,1,4.89084292849594,52.3581210113651,0101000020E61000003D0DEF20399013406EE9C7E8D62D4A40,180,20,Weteringlaan,S100,uit
ANPR-06025-A - Rijstrook -1 - Rhijnspoorplein,337.5,1,4.9081245531219,52.3607293254076,0101000020E6100000A5692167EBA11340B3AAE7602C2E4A40,337.5,17,Rhijnspoorplein,S100,in
ANPR-06025-A - Rijstrook -1 - Rhijnspoorplein,337.5,-1,4.9081245531219,52.3607293254076,0101000020E6100000A5692167EBA11340B3AAE7602C2E4A40,517.5,17,Rhijnspoorplein,S100,uit
ANPR-06025-A - Rijstrook -2 - Rhijnspoorplein,337.5,1,4.9081245531219,52.3607293254076,0101000020E6100000A5692167EBA11340B3AAE7602C2E4A40,337.5,17,Rhijnspoorplein,S100,in
ANPR-06025-A - Rijstrook -2 - Rhijnspoorplein,337.5,-1,4.9081245531219,52.3607293254076,0101000020E6100000A5692167EBA11340B3AAE7602C2E4A40,517.5,17,Rhijnspoorplein,S100,uit
ANPR-06026-A - Rijstrook -1 - Rhijnspoorplein,157.5,1,4.9081245531219,52.3607293254076,0101000020E6100000A5692167EBA11340B3AAE7602C2E4A40,157.5,17,Rhijnspoorplein,S100,uit
ANPR-06026-A - Rijstrook -1 - Rhijnspoorplein,157.5,-1,4.9081245531219,52.3607293254076,0101000020E6100000A5692167EBA11340B3AAE7602C2E4A40,337.5,17,Rhijnspoorplein,S100,in
ANPR-06026-A - Rijstrook -2 - Rhijnspoorplein,157.5,1,4.9081245531219,52.3607293254076,0101000020E6100000A5692167EBA11340B3AAE7602C2E4A40,157.5,17,Rhijnspoorplein,S100,uit
ANPR-06026-A - Rijstrook -2 - Rhijnspoorplein,157.5,-1,4.9081245531219,52.3607293254076,0101000020E6100000A5692167EBA11340B3AAE7602C2E4A40,337.5,17,Rhijnspoorplein,S100,in
ANPR-06043-A - Rijstrook -1 - Stationsplein,22.5,-1,4.89671456197263,52.3805741654257,0101000020E6100000DC1396573C9613405B1A7DA7B6304A40,202.5,7,Stationsplein,S100,in
ANPR-06043-A - Rijstrook -1 - Stationsplein,22.5,1,4.89671456197263,52.3805741654257,0101000020E6100000DC1396573C9613405B1A7DA7B6304A40,22.5,7,Stationsplein,S100,uit
ANPR-06043-A - Rijstrook -2 - Stationsplein,22.5,1,4.89671456197263,52.3805741654257,0101000020E6100000DC1396573C9613405B1A7DA7B6304A40,22.5,7,Stationsplein,S100,uit
ANPR-06035-A - Rijstrook -1 - Cruquiuskade,270,-1,4.93288883243602,52.3674898408689,0101000020E61000001F77C83547BB1340751238E8092F4A40,450,12,Cruquiuskade,S100,uit
ANPR-06035-A - Rijstrook -1 - Cruquiuskade,270,1,4.93288883243602,52.3674898408689,0101000020E61000001F77C83547BB1340751238E8092F4A40,270,12,Cruquiuskade,S100,in
ANPR-06035-A - Rijstrook -2 - Cruquiuskade,270,-1,4.93288883243602,52.3674898408689,0101000020E61000001F77C83547BB1340751238E8092F4A40,450,12,Cruquiuskade,S100,uit
ANPR-06035-A - Rijstrook -2 - Cruquiuskade,270,1,4.93288883243602,52.3674898408689,0101000020E61000001F77C83547BB1340751238E8092F4A40,270,12,Cruquiuskade,S100,in
ANPR-06028-A - Rijstrook -1 - Korte 's-Gravesandestraat,157.5,-1,4.91491554229025,52.3620046958122,0101000020E610000073F4B29EDFA8134084C17C2B562E4A40,337.5,16,Korte 's-Gravesandestraat,S100,in
ANPR-06028-A - Rijstrook -1 - Korte 's-Gravesandestraat,157.5,1,4.91491554229025,52.3620046958122,0101000020E610000073F4B29EDFA8134084C17C2B562E4A40,157.5,16,Korte 's-Gravesandestraat,S100,uit
ANPR-06028-A - Rijstrook -2 - Korte 's-Gravesandestraat,157.5,-1,4.91491554229025,52.3620046958122,0101000020E610000073F4B29EDFA8134084C17C2B562E4A40,337.5,16,Korte 's-Gravesandestraat,S100,in
ANPR-06028-A - Rijstrook -2 - Korte 's-Gravesandestraat,157.5,1,4.91491554229025,52.3620046958122,0101000020E610000073F4B29EDFA8134084C17C2B562E4A40,157.5,16,Korte 's-Gravesandestraat,S100,uit
ANPR-06028-A - Rijstrook -3 - Korte 's-Gravesandestraat,157.5,-1,4.91491554229025,52.3620046958122,0101000020E610000073F4B29EDFA8134084C17C2B562E4A40,337.5,16,Korte 's-Gravesandestraat,S100,in
ANPR-06028-A - Rijstrook -3 - Korte 's-Gravesandestraat,157.5,1,4.91491554229025,52.3620046958122,0101000020E610000073F4B29EDFA8134084C17C2B562E4A40,157.5,16,Korte 's-Gravesandestraat,S100,uit
ANPR-06023-A - Rijstrook -1 - Oosteinde,0,-1,4.90164641919707,52.3585572583138,0101000020E61000001207EC32499B1340BB194934E52D4A40,180,18,Oosteinde,S100,uit
ANPR-06023-A - Rijstrook -1 - Oosteinde,0,1,4.90164641919707,52.3585572583138,0101000020E61000001207EC32499B1340BB194934E52D4A40,0,18,Oosteinde,S100,in
ANPR-06008-A - Rijstrook -1 - Rozengracht,67.5,-1,4.87437333281847,52.3718467197883,0101000020E6100000A3CC13B95B7F1340CE4E5EAC982F4A40,247.5,25,Rozengracht,S100,uit
ANPR-06008-A - Rijstrook -2 - Rozengracht,67.5,-1,4.87437333281847,52.3718467197883,0101000020E6100000A3CC13B95B7F1340CE4E5EAC982F4A40,247.5,25,Rozengracht,S100,uit
ANPR-06009-A - Rijstrook -1 - Rozengracht,247.5,-1,4.87437333281847,52.3718467197883,0101000020E6100000A3CC13B95B7F1340CE4E5EAC982F4A40,427.5,25,Rozengracht,S100,in
ANPR-06009-A - Rijstrook -1 - Rozengracht,247.5,1,4.87437333281847,52.3718467197883,0101000020E6100000A3CC13B95B7F1340CE4E5EAC982F4A40,247.5,25,Rozengracht,S100,uit
ANPR-06009-A - Rijstrook -2 - Rozengracht,247.5,-1,4.87437333281847,52.3718467197883,0101000020E6100000A3CC13B95B7F1340CE4E5EAC982F4A40,427.5,25,Rozengracht,S100,in
ANPR-06009-A - Rijstrook -2 - Rozengracht,247.5,1,4.87437333281847,52.3718467197883,0101000020E6100000A3CC13B95B7F1340CE4E5EAC982F4A40,247.5,25,Rozengracht,S100,uit
ANPR-06045-A - Rijstrook -1 - Droogbak,0,-1,4.89588405087756,52.3807587340539,0101000020E6100000C91BEEA062951340C936C3B3BC304A40,180,6,Droogbak,S100,in
ANPR-06045-A - Rijstrook -1 - Droogbak,0,1,4.89588405087756,52.3807587340539,0101000020E6100000C91BEEA062951340C936C3B3BC304A40,0,6,Droogbak,S100,uit
ANPR-06016-A - Rijstrook -1 - Museumbrug,45,-1,4.88623523786098,52.3607188400425,0101000020E6100000E7B30C40818B13404B84F2082C2E4A40,225,21,Museumbrug,S100,uit
ANPR-06016-A - Rijstrook -1 - Museumbrug,45,1,4.88623523786098,52.3607188400425,0101000020E6100000E7B30C40818B13404B84F2082C2E4A40,45,21,Museumbrug,S100,in
ANPR-06016-A - Rijstrook -2 - Museumbrug,45,-1,4.88623523786098,52.3607188400425,0101000020E6100000E7B30C40818B13404B84F2082C2E4A40,225,21,Museumbrug,S100,uit
ANPR-06016-A - Rijstrook -2 - Museumbrug,45,1,4.88623523786098,52.3607188400425,0101000020E6100000E7B30C40818B13404B84F2082C2E4A40,45,21,Museumbrug,S100,in
ANPR-06017-A - Rijstrook -1 - Museumbrug,225,-1,4.88623523786098,52.3607188400425,0101000020E6100000E7B30C40818B13404B84F2082C2E4A40,405,21,Museumbrug,S100,in
ANPR-06017-A - Rijstrook -1 - Museumbrug,225,1,4.88623523786098,52.3607188400425,0101000020E6100000E7B30C40818B13404B84F2082C2E4A40,225,21,Museumbrug,S100,uit
ANPR-06017-A - Rijstrook -2 - Museumbrug,225,1,4.88623523786098,52.3607188400425,0101000020E6100000E7B30C40818B13404B84F2082C2E4A40,225,21,Museumbrug,S100,uit
ANPR-06004-A - Rijstrook -1 - Frederik Hendrikplantsoen,112.5,-1,4.87804935729561,52.3785218003227,0101000020E61000000C6FE75E1F831340BC9A006773304A40,292.5,27,Marnixplein,S100,uit
ANPR-06004-A - Rijstrook -2 - Frederik Hendrikplantsoen,112.5,-1,4.87804935729561,52.3785218003227,0101000020E61000000C6FE75E1F831340BC9A006773304A40,292.5,27,Marnixplein,S100,uit
ANPR-06012-A - Rijstrook -1 - Koekjesbrug,67.5,-1,4.87821187265188,52.3662339986768,0101000020E6100000BAFE1FF949831340FF7F73C1E02E4A40,247.5,23,Nieuwe Passeerdersstraat,S100,uit
ANPR-06012-A - Rijstrook -1 - Koekjesbrug,67.5,1,4.87821187265188,52.3662339986768,0101000020E6100000BAFE1FF949831340FF7F73C1E02E4A40,67.5,23,Nieuwe Passeerdersstraat,S100,in
ANPR-06013-A - Rijstrook -1 - Nieuwe Passeerderstraat,247.5,-1,4.87821187265188,52.3662339986768,0101000020E6100000BAFE1FF949831340FF7F73C1E02E4A40,427.5,23,Nieuwe Passeerdersstraat,S100,in
ANPR-06013-A - Rijstrook -1 - Nieuwe Passeerderstraat,247.5,1,4.87821187265188,52.3662339986768,0101000020E6100000BAFE1FF949831340FF7F73C1E02E4A40,247.5,23,Nieuwe Passeerdersstraat,S100,uit
ANPR-06014-A - Rijstrook -1 - Leidseplein,45,-1,4.88096761193288,52.3632325598933,0101000020E61000000859A85F1C861340C5CA8E677E2E4A40,225,22,Leidsebrug,S100,uit
ANPR-06015-A - Rijstrook -1 - Leidseplein,225,-1,4.88096761193288,52.3632325598933,0101000020E61000000859A85F1C861340C5CA8E677E2E4A40,405,22,Leidsebrug,S100,in
ANPR-06015-A - Rijstrook -1 - Leidseplein,225,1,4.88096761193288,52.3632325598933,0101000020E61000000859A85F1C861340C5CA8E677E2E4A40,225,22,Leidsebrug,S100,uit
ANPR-06015-A - Rijstrook -2 - Leidseplein,225,-1,4.88096761193288,52.3632325598933,0101000020E61000000859A85F1C861340C5CA8E677E2E4A40,405,22,Leidsebrug,S100,in
ANPR-06015-A - Rijstrook -2 - Leidseplein,225,1,4.88096761193288,52.3632325598933,0101000020E61000000859A85F1C861340C5CA8E677E2E4A40,225,22,Leidsebrug,S100,uit
ANPR-06015-A - Rijstrook -3 - Leidseplein,225,-1,4.88096761193288,52.3632325598933,0101000020E61000000859A85F1C861340C5CA8E677E2E4A40,405,22,Leidsebrug,S100,in
ANPR-06015-A - Rijstrook -3 - Leidseplein,225,1,4.88096761193288,52.3632325598933,0101000020E61000000859A85F1C861340C5CA8E677E2E4A40,225,22,Leidsebrug,S100,uit
Afrit: Gooiseweg (ri ZO) naar Ringweg Zuid/A10 (ri ZW) - Rijstrook 2,202.5,1,0,0,,202.5,,leeg,nee,
Amstelveenseweg (s108) nabij Oprit Ringweg zuid (A10) ri. oost - Rijstrook 5,180,1,0,0,,180,,leeg,nee,
Amstelveenseweg (s108) nabij Van Nijenrodeweg - Rijstrook 1,0,1,0,0,,0,,leeg,nee,
ANPR-00001-V_ANPR-05090 - Rijstrook 2 - Tafelbergweg,45,1,4.92695640403921,52.357398778386,0101000020E61000002CAA400F34B513402A66403EBF2D4A40,45,,leeg,nee,
ANPR-00002-V_ANPR-05003 - Rijstrook 3 - Korte 's-Gravenzandestraat,0,1,0,0,,0,,leeg,nee,
ANPR-00003-V_ANPR-05095 - Rijstrook 2 - IJburglaan,135,1,0,0,,135,,leeg,nee,
ANPR-00004-V_ANPR-05020 - Rijstrook 2 - Waddenweg,225,1,0,0,,225,,leeg,nee,
ANPR-00005-V_ANPR-05012 - Rijstrook -3 - De Ruijterkade,135,1,0,0,,135,,leeg,nee,
ANPR-00006-V_ANPR-05052 - Rijstrook 3 - Van Baerlestraat,337.5,1,4.89075631247419,52.3586103924545,0101000020E6100000FC203B6C2290134085CC01F2E62D4A40,337.5,,leeg,nee,
ANPR-00007-V_ANPR-05048 - Rijstrook 1 - Erasmusgracht,270,1,4.87234647983565,52.374134224126,0101000020E610000009B34665487D1340BB7758A1E32F4A40,270,,leeg,nee,
ANPR-00008-V_ANPR-05070 - Rijstrook 4 - Dortmuiden,180,1,4.78949882272412,52.35915745061,0101000020E610000085521F61722813400D3E10DFF82D4A40,180,,leeg,nee,
ANPR-00009-V_ANPR-05076 - Rijstrook 3 - Heemstedestraat,270,1,4.85468789764003,52.3642686300842,0101000020E61000008C9AE24D336B1340D495BE5AA02E4A40,270,,leeg,nee,
ANPR-00010-V_ANPR-05079 - Rijstrook 2 - Arent Janszoon Ernststraat,90,1,0,0,,90,,leeg,nee,
ANPR-01001-A - Rijstrook -1 - Spaarndammerdijk,270,-1,4.87038294347036,52.3930322054472,0101000020E610000043CE94AA457B1340D1551AE14E324A40,450,,,A10,
ANPR-01001-A - Rijstrook -2 - Spaarndammerdijk,270,-1,4.87038294347036,52.3930322054472,0101000020E610000043CE94AA457B1340D1551AE14E324A40,450,,,A10,
ANPR-01004-A - Rijstrook -1 - Haarlemmerweg,270,-1,4.8474604499167,52.385002588818,0101000020E6100000C12E14ACCC631340A4ECCBC347314A40,450,,,A10,
ANPR-01004-A - Rijstrook -2 - Haarlemmerweg,270,-1,4.8474604499167,52.385002588818,0101000020E6100000C12E14ACCC631340A4ECCBC347314A40,450,,,A10,
ANPR-01005-A - Rijstrook 1 - Wiltzanghlaan,270,1,0,0,,270,,,A10,
ANPR-01005-A - Rijstrook 1 - Wiltzanghlaan,270,-1,0,0,,450,,,A10,
ANPR-01005-A - Rijstrook -1 - Wiltzanghlaan,270,1,0,0,,270,,,A10,
ANPR-01005-A - Rijstrook -1 - Wiltzanghlaan,270,-1,0,0,,450,,,A10,
ANPR-01006-A - Rijstrook 1 - Bos en Lommerplein,270,1,4.84506184996719,52.37776629379,0101000020E610000050D3C2E457611340FCAD5AA55A304A40,270,,,A10,
ANPR-01006-A - Rijstrook 1 - Bos en Lommerplein,270,-1,4.84506184996719,52.37776629379,0101000020E610000050D3C2E457611340FCAD5AA55A304A40,450,,,A10,
ANPR-01006-A - Rijstrook -1 - Bos en Lommerplein,270,1,4.84506184996719,52.37776629379,0101000020E610000050D3C2E457611340FCAD5AA55A304A40,270,,,A10,
ANPR-01006-A - Rijstrook -1 - Bos en Lommerplein,270,-1,4.84506184996719,52.37776629379,0101000020E610000050D3C2E457611340FCAD5AA55A304A40,450,,,A10,
ANPR-01006-B - Rijstrook -2 - Bos en Lommerplein,270,-1,4.84506184996719,52.37776629379,0101000020E610000050D3C2E457611340FCAD5AA55A304A40,450,,,A10,
ANPR-01006-B - Rijstrook -3 - Bos en Lommerplein,270,-1,4.84506184996719,52.37776629379,0101000020E610000050D3C2E457611340FCAD5AA55A304A40,450,,,A10,
ANPR-01007-A - Rijstrook -1 - Jan van Galenstraat,270,1,4.84450719865488,52.372135189869,0101000020E610000051D6BD7EC6601340CD163B20A22F4A40,270,,,A10,uit
ANPR-01007-A - Rijstrook -1 - Jan van Galenstraat,270,-1,4.84450719865488,52.372135189869,0101000020E610000051D6BD7EC6601340CD163B20A22F4A40,450,,,A10,in
ANPR-01007-A - Rijstrook -2- Jan van Galenstraat,270,1,4.84450719865488,52.372135189869,0101000020E610000051D6BD7EC6601340CD163B20A22F4A40,270,,,A10,uit
ANPR-01007-A - Rijstrook -2- Jan van Galenstraat,270,-1,4.84450719865488,52.372135189869,0101000020E610000051D6BD7EC6601340CD163B20A22F4A40,450,,,A10,in
ANPR-01008-A - Rijstrook 1 - Jan Evertsenstraat,270,1,4.84275293191392,52.3693043906193,0101000020E6100000B1B6E49FFA5E134057FDC35D452F4A40,270,,,A10,
ANPR-01008-A - Rijstrook 1 - Jan Evertsenstraat,270,-1,4.84275293191392,52.3693043906193,0101000020E6100000B1B6E49FFA5E134057FDC35D452F4A40,450,,,A10,
ANPR-01008-A - Rijstrook -1 - Jan Evertsenstraat,270,1,4.84275293191392,52.3693043906193,0101000020E6100000B1B6E49FFA5E134057FDC35D452F4A40,270,,,A10,
ANPR-01008-A - Rijstrook -1 - Jan Evertsenstraat,270,-1,4.84275293191392,52.3693043906193,0101000020E6100000B1B6E49FFA5E134057FDC35D452F4A40,450,,,A10,
ANPR-01009-A - Rijstrook 1 - Postjesweg,270,1,4.84214021043626,52.364132296825,0101000020E610000094E1D9005A5E1340E92319E39B2E4A40,270,,,A10,
ANPR-01009-A - Rijstrook 1 - Postjesweg,270,-1,4.84214021043626,52.364132296825,0101000020E610000094E1D9005A5E1340E92319E39B2E4A40,450,,,A10,
ANPR-01009-A - Rijstrook -1 - Postjesweg,270,1,4.84214021043626,52.364132296825,0101000020E610000094E1D9005A5E1340E92319E39B2E4A40,270,,,A10,
ANPR-01009-A - Rijstrook -1 - Postjesweg,270,-1,4.84214021043626,52.364132296825,0101000020E610000094E1D9005A5E1340E92319E39B2E4A40,450,,,A10,
ANPR-01010-A - Rijstrook 1 - Nachtwachtlaan,270,1,4.84197838482757,52.3593461347668,0101000020E6100000E217EB942F5E13403562DC0DFF2D4A40,270,,,A10,
ANPR-01010-A - Rijstrook 1 - Nachtwachtlaan,270,-1,4.84197838482757,52.3593461347668,0101000020E6100000E217EB942F5E13403562DC0DFF2D4A40,450,,,A10,
ANPR-01010-A - Rijstrook -1 - Nachtwachtlaan,270,1,4.84197838482757,52.3593461347668,0101000020E6100000E217EB942F5E13403562DC0DFF2D4A40,270,,,A10,
ANPR-01010-A - Rijstrook -1 - Nachtwachtlaan,270,-1,4.84197838482757,52.3593461347668,0101000020E6100000E217EB942F5E13403562DC0DFF2D4A40,450,,,A10,
ANPR-01011-A - Rijstrook -1 - Cornelis Lelylaan,270,-1,4.84399054370624,52.3578914603925,0101000020E6100000FA679D0E3F601340A7F32A63CF2D4A40,450,,,A10,
ANPR-01011-A - Rijstrook -2 - Cornelis Lelylaan,270,-1,4.84399054370624,52.3578914603925,0101000020E6100000FA679D0E3F601340A7F32A63CF2D4A40,450,,,A10,
ANPR-01011-B - Rijstrook -3 - Cornelis Lelylaan,270,1,4.84399054370624,52.3578914603925,0101000020E6100000FA679D0E3F601340A7F32A63CF2D4A40,270,,,A10,
ANPR-01011-B - Rijstrook -3 - Cornelis Lelylaan,270,-1,4.84399054370624,52.3578914603925,0101000020E6100000FA679D0E3F601340A7F32A63CF2D4A40,450,,,A10,
ANPR-01011-B - Rijstrook -4 - Cornelis Lelylaan,270,1,4.84399054370624,52.3578914603925,0101000020E6100000FA679D0E3F601340A7F32A63CF2D4A40,270,,,A10,
ANPR-01011-B - Rijstrook -4 - Cornelis Lelylaan,270,-1,4.84399054370624,52.3578914603925,0101000020E6100000FA679D0E3F601340A7F32A63CF2D4A40,450,,,A10,
ANPR-01012-A - Rijstrook 1 - Hendrikje Stoffelstraat,270,1,0,0,,270,,,A10,
ANPR-01012-A - Rijstrook 1 - Hendrikje Stoffelstraat,270,-1,0,0,,450,,,A10,
ANPR-01012-A - Rijstrook -1 - Hendrikje Stoffelstraat,270,1,0,0,,270,,,A10,
ANPR-01012-A - Rijstrook -1 - Hendrikje Stoffelstraat,270,-1,0,0,,450,,,A10,
ANPR-01013-A - Rijstrook -1 - Heemstedestraat,270,-1,4.84235411153003,52.3514854619621,0101000020E6100000C1B08213925E1340C312C279FD2C4A40,450,,,A10,
ANPR-01013-A - Rijstrook -2 - Heemstedestraat,270,-1,4.84235411153003,52.3514854619621,0101000020E6100000C1B08213925E1340C312C279FD2C4A40,450,,,A10,
ANPR-01014-A - Rijstrook -1 - Poeldijkstraat,270,1,4.84271373224193,52.3500624306652,0101000020E61000000D7A3F59F05E1340F1A181D8CE2C4A40,270,,,A10,
ANPR-01015-A - Rijstrook -1 - Voorburgstraat,270,1,4.84078574639583,52.348542226309,0101000020E610000024DA4EF0F65C1340D3A21B089D2C4A40,270,,,A10,
ANPR-01015-A - Rijstrook -1 - Voorburgstraat,270,-1,4.84078574639583,52.348542226309,0101000020E610000024DA4EF0F65C1340D3A21B089D2C4A40,450,,,A10,
ANPR-01016-A - Rijstrook 1 - Vlaardingenlaan,270,1,4.84089317411627,52.3469213732561,0101000020E61000003609A919135D13408E3568EB672C4A40,270,,,A10,
ANPR-01016-A - Rijstrook 1 - Vlaardingenlaan,270,-1,4.84089317411627,52.3469213732561,0101000020E61000003609A919135D13408E3568EB672C4A40,450,,,A10,
ANPR-01016-A - Rijstrook -1 - Vlaardingenlaan,270,1,4.84089317411627,52.3469213732561,0101000020E61000003609A919135D13408E3568EB672C4A40,270,,,A10,
ANPR-01016-A - Rijstrook -1 - Vlaardingenlaan,270,-1,4.84089317411627,52.3469213732561,0101000020E61000003609A919135D13408E3568EB672C4A40,450,,,A10,
ANPR-01019-A - Rijstrook 1 - Amstelveenseweg,180,1,4.85773725947409,52.3418284863673,0101000020E6100000F00118AD526E1340F4E42C09C12B4A40,180,,,A10,uit
ANPR-01019-A - Rijstrook 1 - Amstelveenseweg,180,-1,4.85773725947409,52.3418284863673,0101000020E6100000F00118AD526E1340F4E42C09C12B4A40,360,,,A10,in
ANPR-01019-A - Rijstrook -1 - Amstelveenseweg,180,1,4.85773725947409,52.3418284863673,0101000020E6100000F00118AD526E1340F4E42C09C12B4A40,180,,,A10,uit
ANPR-01019-A - Rijstrook -1 - Amstelveenseweg,180,-1,4.85773725947409,52.3418284863673,0101000020E6100000F00118AD526E1340F4E42C09C12B4A40,360,,,A10,in
ANPR-01019-B - Rijstrook -2 - Amstelveenseweg,180,-1,4.85773725947409,52.3418284863673,0101000020E6100000F00118AD526E1340F4E42C09C12B4A40,360,,,A10,in
ANPR-01019-B - Rijstrook -3 - Amstelveenseweg,180,-1,4.85773725947409,52.3418284863673,0101000020E6100000F00118AD526E1340F4E42C09C12B4A40,360,,,A10,in
ANPR-01019-C - Rijstrook 4 - Amstelveenseweg,180,1,4.85773725947409,52.3418284863673,0101000020E6100000F00118AD526E1340F4E42C09C12B4A40,180,,,A10,uit
ANPR-01020-A - Rijstrook 1 - IJsbaanpad,112.5,1,4.85575050960956,52.3412490605084,0101000020E6100000D03B91DC496C13404A56990CAE2B4A40,112.5,,,A10,
ANPR-01020-A - Rijstrook 1 - IJsbaanpad,112.5,-1,4.85575050960956,52.3412490605084,0101000020E6100000D03B91DC496C13404A56990CAE2B4A40,292.5,,,A10,
ANPR-01020-A - Rijstrook -1 - IJsbaanpad,112.5,1,4.85575050960956,52.3412490605084,0101000020E6100000D03B91DC496C13404A56990CAE2B4A40,112.5,,,A10,
ANPR-01020-A - Rijstrook -1 - IJsbaanpad,112.5,-1,4.85575050960956,52.3412490605084,0101000020E6100000D03B91DC496C13404A56990CAE2B4A40,292.5,,,A10,
ANPR-01020-A - Rijstrook 2 - IJsbaanpad,112.5,1,4.85575050960956,52.3412490605084,0101000020E6100000D03B91DC496C13404A56990CAE2B4A40,112.5,,,A10,
ANPR-01020-A - Rijstrook 2 - IJsbaanpad,112.5,-1,4.85575050960956,52.3412490605084,0101000020E6100000D03B91DC496C13404A56990CAE2B4A40,292.5,,,A10,
ANPR-01021-A - Rijstrook -1 - Fred. Roeskestraat,270,-1,4.85950621264806,52.3410621008985,0101000020E61000000521886522701340CDA144ECA72B4A40,450,,,A10,
ANPR-01022-A - Rijstrook -1 - Parnassusweg,180,-1,4.86852203486935,52.3388073251832,0101000020E61000001A7A1ED75D7913404DA7D6095E2B4A40,360,,,A10,in
ANPR-01023-A - Rijstrook -1 - Beethovenstraat,180,-1,4.87681742938461,52.3403407097727,0101000020E610000024149F6DDC8113404AFCCC48902B4A40,360,,,A10,
ANPR-01023-A - Rijstrook -2 - Beethovenstraat,180,-1,4.87681742938461,52.3403407097727,0101000020E610000024149F6DDC8113404AFCCC48902B4A40,360,,,A10,
ANPR-01030-A - Rijstrook -1 - Maaslandstraat,270,-1,4.89233552928707,52.3389557709787,0101000020E61000002163AD67C09113406C9217E7622B4A40,450,,,A10,
ANPR-01031-A - Rijstrook 1 - Amstelpark,135,1,0,0,,135,,,A10,
ANPR-01032-A - Rijstrook -1 - Nieuwe Utrechtseweg,157.5,-1,4.90976978038829,52.3385606110437,0101000020E610000096A076B09AA31340BE1240F4552B4A40,337.5,,,A10,
ANPR-01032-A - Rijstrook -2 - Nieuwe Utrechtseweg,157.5,-1,4.90976978038829,52.3385606110437,0101000020E610000096A076B09AA31340BE1240F4552B4A40,337.5,,,A10,
ANPR-01032-A - Rijstrook -3 - Nieuwe Utrechtseweg,157.5,-1,4.90976978038829,52.3385606110437,0101000020E610000096A076B09AA31340BE1240F4552B4A40,337.5,,,A10,
ANPR-01034-A - Rijstrook -1 - Gooiseweg,135,-1,4.93396257786418,52.3422636392025,0101000020E610000041759EAF60BC13400D7E804BCF2B4A40,315,,,A10,
ANPR-01034-A - Rijstrook -2 - Gooiseweg,135,-1,4.93396257786418,52.3422636392025,0101000020E610000041759EAF60BC13400D7E804BCF2B4A40,315,,,A10,
ANPR-01034-A - Rijstrook -3 - Gooiseweg,135,-1,4.93396257786418,52.3422636392025,0101000020E610000041759EAF60BC13400D7E804BCF2B4A40,315,,,A10,
ANPR-01035-A - Rijstrook -1 - Rozenburglaan,135,-1,4.93597220279966,52.3413513523853,0101000020E610000062F5437F6FBE13405A78AF66B12B4A40,315,,,A10,
ANPR-01036-A - Rijstrook 1 - Zaaiersweg,225,1,4.93917966605377,52.3395915909896,0101000020E610000098137B50B8C11340FCA5BCBC772B4A40,225,,,A10,
ANPR-01036-A - Rijstrook 1 - Zaaiersweg,225,-1,4.93917966605377,52.3395915909896,0101000020E610000098137B50B8C11340FCA5BCBC772B4A40,405,,,A10,
ANPR-01036-A - Rijstrook -1 - Zaaiersweg,225,1,4.93917966605377,52.3395915909896,0101000020E610000098137B50B8C11340FCA5BCBC772B4A40,225,,,A10,
ANPR-01036-A - Rijstrook -1 - Zaaiersweg,225,-1,4.93917966605377,52.3395915909896,0101000020E610000098137B50B8C11340FCA5BCBC772B4A40,405,,,A10,
ANPR-01037-A - Rijstrook -1 - Middenweg,135,-1,4.95001509682905,52.3416087541998,0101000020E61000002759EEC1D0CC13405EA8EDD5B92B4A40,315,,,A10,
ANPR-01037-A - Rijstrook -2 - Middenweg,135,-1,4.95001509682905,52.3416087541998,0101000020E61000002759EEC1D0CC13405EA8EDD5B92B4A40,315,,,A10,
ANPR-01038-A - Rijstrook -1 - Piet Heintunnel,112.5,-1,4.96134541116106,52.3723576544861,0101000020E6100000C16274EE6AD813407137666AA92F4A40,292.5,,,A10,
ANPR-01038-A - Rijstrook -2 - Piet Heintunnel,112.5,-1,4.96134541116106,52.3723576544861,0101000020E6100000C16274EE6AD813407137666AA92F4A40,292.5,,,A10,
ANPR-01040-A - Rijstrook 1 - Westelijke Merwedekanaaldijk,292.5,1,0,0,,292.5,,,A10,
ANPR-01046-A - Rijstrook 1 - Buiksloterweg,225,1,0,0,,225,,,A10,
ANPR-01046-A - Rijstrook -1 - Buiksloterweg,225,1,0,0,,225,,,A10,
ANPR-01046-B - Rijstrook -2 - Buiksloterweg,225,1,0,0,,225,,,A10,
ANPR-01047-A - Rijstrook 6 - Holterbergweg,337.5,1,0,0,,337.5,,,A10,
ANPR-01048-A - Rijstrook 1 - Zuiderzeeweg,180,1,4.96698747983456,52.3786308957682,0101000020E6100000A11F46F731DE1340364A29FA76304A40,180,,,A10,
ANPR-01050-A - Rijstrook 1 - Museumstraat - Zuid,45,1,0,0,,45,,,A10,
ANPR-01051-A - Rijstrook 1 - Museumstraat - Noord,225,1,0,0,,225,,,A10,
ANPR-01052-A - Rijstrook 1 - Cuyperspassage - Zuid,22.5,1,0,0,,22.5,,,A10,
ANPR-01053-A - Rijstrook 1 - Cuyperspassage - Noord,202.5,1,0,0,,202.5,,,A10,
ANPR-01054-A - Rijstrook 1 - Contactweg,315,1,0,0,,315,,,A10,
ANPR-01054-A - Rijstrook 1 - Contactweg,315,-1,0,0,,495,,,A10,
ANPR-01054-A - Rijstrook -1 - Contactweg,315,1,0,0,,315,,,A10,
ANPR-01054-A - Rijstrook -1 - Contactweg,315,-1,0,0,,495,,,A10,
ANPR-01055-A - Rijstrook -1 - Kabelweg,45,1,0,0,,45,,,A10,
ANPR-01055-A - Rijstrook -1 - Kabelweg,45,-1,0,0,,225,,,A10,
ANPR-01055-A - Rijstrook -2 - Kabelweg,45,1,0,0,,45,,,A10,
ANPR-01055-A - Rijstrook -2 - Kabelweg,45,-1,0,0,,225,,,A10,
ANPR-01056-A - Rijstrook -1 - Nieuwe Hemweg,337.5,-1,0,0,,517.5,,,A10,
ANPR-01056-A - Rijstrook -2 - Nieuwe Hemweg,337.5,-1,0,0,,517.5,,,A10,
ANPR-01057-A - Rijstrook -1 - Hatostraat,270,1,0,0,,270,,,A10,
ANPR-01057-A - Rijstrook -1 - Hatostraat,270,-1,0,0,,450,,,A10,
ANPR-01058-A - Rijstrook 1 - Changiweg,270,1,0,0,,270,,,A10,
ANPR-01058-A - Rijstrook 1 - Changiweg,270,-1,0,0,,450,,,A10,
ANPR-01058-A - Rijstrook -1 - Changiweg,270,1,0,0,,270,,,A10,
ANPR-01058-A - Rijstrook -1 - Changiweg,270,-1,0,0,,450,,,A10,
ANPR-01058-A - Rijstrook 2 - Changiweg,270,1,0,0,,270,,,A10,
ANPR-01059-A - Rijstrook -1 - Henk Sneevlietweg,270,-1,0,0,,450,,,A10,
ANPR-01059-A - Rijstrook -2 - Henk Sneevlietweg,270,-1,0,0,,450,,,A10,
ANPR-01060-A - Rijstrook 1 - Overschiestraat,315,1,0,0,,315,,,A10,
ANPR-01060-A - Rijstrook 1 - Overschiestraat,315,-1,0,0,,495,,,A10,
ANPR-01060-A - Rijstrook -1 - Overschiestraat,315,1,0,0,,315,,,A10,
ANPR-01060-A - Rijstrook -1 - Overschiestraat,315,-1,0,0,,495,,,A10,
ANPR-01060-A - Rijstrook -2 - Overschiestraat,315,1,0,0,,315,,,A10,
ANPR-01060-A - Rijstrook -2 - Overschiestraat,315,-1,0,0,,495,,,A10,
ANPR-01061-A - Rijstrook 1 - Europaboulevard,180,1,0,0,,180,,,A10,
ANPR-01061-A - Rijstrook 1 - Europaboulevard,180,-1,0,0,,360,,,A10,
ANPR-01061-A - Rijstrook -1 - Europaboulevard,180,1,0,0,,180,,,A10,
ANPR-01061-A - Rijstrook -1 - Europaboulevard,180,-1,0,0,,360,,,A10,
ANPR-01061-B - Rijstrook -2 - Europaboulevard,180,-1,0,0,,360,,,A10,
ANPR-01061-B - Rijstrook -3 - Europaboulevard,180,-1,0,0,,360,,,A10,
ANPR-01061-B - Rijstrook -4 - Europaboulevard,180,-1,0,0,,360,,,A10,
ANPR-01061-C - Rijstrook -5 - Europaboulevard,180,-1,0,0,,360,,,A10,
ANPR-01061-C - Rijstrook -6 - Europaboulevard,180,-1,0,0,,360,,,A10,
ANPR-01064-A - Rijstrook -1 - Spaklerweg,180,1,0,0,,180,,,A10,
ANPR-01064-A - Rijstrook -1 - Spaklerweg,180,-1,0,0,,360,,,A10,
ANPR-01064-A - Rijstrook -2 - Spaklerweg,180,1,0,0,,180,,,A10,
ANPR-01064-A - Rijstrook -2 - Spaklerweg,180,-1,0,0,,360,,,A10,
ANPR-01064-A - Rijstrook -3 - Spaklerweg,180,1,0,0,,180,,,A10,
ANPR-01065-A - Rijstrook 1 - H.J.E. Wenckebachweg,157.5,1,0,0,,157.5,,,A10,
ANPR-01065-A - Rijstrook 1 - H.J.E. Wenckebachweg,157.5,-1,0,0,,337.5,,,A10,
ANPR-01066-A - Rijstrook 1 - Schellingwouderdijk,67.5,1,0,0,,67.5,,,A10,
ANPR-01066-A - Rijstrook 1 - Schellingwouderdijk,67.5,-1,0,0,,247.5,,,A10,
ANPR-01066-A - Rijstrook -1 - Schellingwouderdijk,67.5,1,0,0,,67.5,,,A10,
ANPR-01066-A - Rijstrook -1 - Schellingwouderdijk,67.5,-1,0,0,,247.5,,,A10,
ANPR-01067-A - Rijstrook -1 - Liergouw,112.5,-1,0,0,,292.5,,,A10,
ANPR-01068-A - Rijstrook -1 - Zuiderzeeweg,337.5,-1,0,0,,517.5,,,A10,
ANPR-01069-A - Rijstrook -1 - Zuiderzeeweg,90,-1,0,0,,270,,,A10,
ANPR-01070-A - Rijstrook 1 - Beemsterstraat,45,1,0,0,,45,,,A10,
ANPR-01070-A - Rijstrook 1 - Beemsterstraat,45,-1,0,0,,225,,,A10,
ANPR-01070-A - Rijstrook -1 - Beemsterstraat,45,1,0,0,,45,,,A10,
ANPR-01070-A - Rijstrook -1 - Beemsterstraat,45,-1,0,0,,225,,,A10,
ANPR-01070-A - Rijstrook 2 - Beemsterstraat,45,1,0,0,,45,,,A10,
ANPR-01070-A - Rijstrook 2 - Beemsterstraat,45,-1,0,0,,225,,,A10,
ANPR-01071-A - Rijstrook -1 - IJdoornlaan,45,-1,0,0,,225,,,A10,
ANPR-01072-A - Rijstrook -1 - Kadoelenweg,45,1,0,0,,45,,,A10,
ANPR-01072-A - Rijstrook -1 - Kadoelenweg,45,-1,0,0,,225,,,A10,
ANPR-01073-A - Rijstrook 1 - Zuideinde,337.5,1,0,0,,337.5,,,A10,
ANPR-01073-A - Rijstrook 1 - Zuideinde,337.5,-1,0,0,,517.5,,,A10,
ANPR-01073-A - Rijstrook -1 - Zuideinde,337.5,1,0,0,,337.5,,,A10,
ANPR-01073-A - Rijstrook -1 - Zuideinde,337.5,-1,0,0,,517.5,,,A10,
ANPR-01074-A - Rijstrook -1 - Molenaarsweg,247.5,-1,0,0,,427.5,,,A10,
ANPR-01075-A - Rijstrook 1 - Stellingweg,0,1,0,0,,0,,,A10,
ANPR-01075-A - Rijstrook 1 - Stellingweg,0,-1,0,0,,180,,,A10,
ANPR-01075-A - Rijstrook -1 - Stellingweg,0,1,0,0,,0,,,A10,
ANPR-01075-A - Rijstrook -1 - Stellingweg,0,-1,0,0,,180,,,A10,
ANPR-01076-A - Rijstrook 1 - Kometensingel,337.5,1,0,0,,337.5,,,A10,
ANPR-01076-A - Rijstrook 1 - Kometensingel,337.5,-1,0,0,,517.5,,,A10,
ANPR-01076-A - Rijstrook -1 - Kometensingel,337.5,1,0,0,,337.5,,,A10,
ANPR-01076-A - Rijstrook -1 - Kometensingel,337.5,-1,0,0,,517.5,,,A10,
ANPR-01077-A - Rijstrook 1 - Meteorenweg,202.5,1,0,0,,202.5,,,A10,
ANPR-01077-A - Rijstrook 1 - Meteorenweg,202.5,-1,0,0,,382.5,,,A10,
ANPR-01077-A - Rijstrook -1 - Meteorenweg,202.5,1,0,0,,202.5,,,A10,
ANPR-01077-A - Rijstrook -1 - Meteorenweg,202.5,-1,0,0,,382.5,,,A10,
ANPR-01078-A - Rijstrook 1 - Kometensingel,225,1,0,0,,225,,,A10,
ANPR-01078-A - Rijstrook 1 - Kometensingel,225,-1,0,0,,405,,,A10,
ANPR-01078-A - Rijstrook -1 - Kometensingel,225,1,0,0,,225,,,A10,
ANPR-01078-A - Rijstrook -1 - Kometensingel,225,-1,0,0,,405,,,A10,
ANPR-01079-A - Rijstrook -1 - Cornelis Douwesweg,315,-1,0,0,,495,,,A10,
ANPR-01079-A - Rijstrook -2 - Cornelis Douwesweg,315,-1,0,0,,495,,,A10,
ANPR-01080-A - Rijstrook 1 - Kraanspoor,22.5,1,0,0,,22.5,,,A10,
ANPR-01080-A - Rijstrook 1 - Kraanspoor,22.5,-1,0,0,,202.5,,,A10,
ANPR-01080-A - Rijstrook -1 - Kraanspoor,22.5,1,0,0,,22.5,,,A10,
ANPR-01080-A - Rijstrook -1 - Kraanspoor,22.5,-1,0,0,,202.5,,,A10,
ANPR-01081-A - Rijstrook 1 - Tt. Vasumweg,315,1,0,0,,315,,,A10,
ANPR-01081-A - Rijstrook 1 - Tt. Vasumweg,315,-1,0,0,,495,,,A10,
ANPR-01081-A - Rijstrook -1 - Tt. Vasumweg,315,1,0,0,,315,,,A10,
ANPR-01081-A - Rijstrook -1 - Tt. Vasumweg,315,-1,0,0,,495,,,A10,
ANPR-02001-A - Rijstrook 1 - Amstelstraat,90,-1,0,0,,270,,leeg,ITT,
ANPR-02001-A - Rijstrook 1 - Amstelstraat,90,1,0,0,,90,,leeg,ITT,
ANPR-02001-A - Rijstrook -1 - Amstelstraat,90,-1,0,0,,270,,leeg,ITT,
ANPR-02001-A - Rijstrook -1 - Amstelstraat,90,1,0,0,,90,,leeg,ITT,
ANPR-02002-A - Rijstrook 1 - Spui,45,-1,0,0,,225,,leeg,ITT,
ANPR-02002-A - Rijstrook 1 - Spui,45,1,0,0,,45,,leeg,ITT,
ANPR-02002-A - Rijstrook -1 - Spui,45,-1,0,0,,225,,leeg,ITT,
ANPR-02002-A - Rijstrook -1 - Spui,45,1,0,0,,45,,leeg,ITT,
ANPR-02003-A - Rijstrook 1 - Vijzelstraat,180,-1,0,0,,360,,leeg,ITT,
ANPR-02003-A - Rijstrook -1 - Vijzelstraat,180,-1,0,0,,360,,leeg,ITT,
ANPR-02004-A - Rijstrook 1 - Muntplein,180,-1,0,0,,360,,leeg,ITT,
ANPR-02004-A - Rijstrook 1 - Muntplein,180,1,0,0,,180,,leeg,ITT,
ANPR-02004-A - Rijstrook -1 - Muntplein,180,-1,0,0,,360,,leeg,ITT,
ANPR-02004-A - Rijstrook -1 - Muntplein,180,1,0,0,,180,,leeg,ITT,
ANPR-02005-A - Rijstrook -1 - Geldersekade,225,-1,0,0,,405,,leeg,ITT,
ANPR-02005-A - Rijstrook -1 - Geldersekade,225,1,0,0,,225,,leeg,ITT,
ANPR-02005-A - Rijstrook -2 - Geldersekade,225,-1,0,0,,405,,leeg,ITT,
ANPR-02005-A - Rijstrook -2 - Geldersekade,225,1,0,0,,225,,leeg,ITT,
ANPR-02007-A - Rijstrook 1 - Nieuwezijds Voorburgwal,90,-1,0,0,,270,,leeg,ITT,
ANPR-02007-A - Rijstrook 1 - Nieuwezijds Voorburgwal,90,1,0,0,,90,,leeg,ITT,
ANPR-02007-A - Rijstrook -1 - Nieuwezijds Voorburgwal,90,-1,0,0,,270,,leeg,ITT,
ANPR-02007-A - Rijstrook -1 - Nieuwezijds Voorburgwal,90,1,0,0,,90,,leeg,ITT,
ANPR-02007-B - Rijstrook -2 - Nieuwezijds Voorburgwal,90,-1,0,0,,270,,leeg,ITT,
ANPR-02007-B - Rijstrook -2 - Nieuwezijds Voorburgwal,90,1,0,0,,90,,leeg,ITT,
ANPR-02008-A - Rijstrook 1 - Paleisstraat,90,-1,0,0,,270,,leeg,ITT,
ANPR-02008-A - Rijstrook 1 - Paleisstraat,90,1,0,0,,90,,leeg,ITT,
ANPR-02008-A - Rijstrook -1 - Paleisstraat,90,-1,0,0,,270,,leeg,ITT,
ANPR-02008-A - Rijstrook -1 - Paleisstraat,90,1,0,0,,90,,leeg,ITT,
ANPR-02008-B - Rijstrook -2 - Paleisstraat,90,-1,0,0,,270,,leeg,ITT,
ANPR-02008-B - Rijstrook -2 - Paleisstraat,90,1,0,0,,90,,leeg,ITT,
ANPR-02009-A - Rijstrook -1 - Jodenbreestraat,135,-1,0,0,,315,,leeg,ITT,
ANPR-02009-A - Rijstrook -1 - Jodenbreestraat,135,1,0,0,,135,,leeg,ITT,
ANPR-02010-A - Rijstrook -1 - Kloveniersburgwal,202.5,-1,0,0,,382.5,,leeg,ITT,
ANPR-02010-A - Rijstrook -1 - Kloveniersburgwal,202.5,1,0,0,,202.5,,leeg,ITT,
ANPR-02011-A - Rijstrook -1 - Geldersekade,45,-1,0,0,,225,,leeg,ITT,
ANPR-02011-A - Rijstrook -1 - Geldersekade,45,1,0,0,,45,,leeg,ITT,
ANPR-02012-A - Rijstrook -1 - Rusland,90,-1,0,0,,270,,leeg,ITT,
ANPR-02012-A - Rijstrook -1 - Rusland,90,1,0,0,,90,,leeg,ITT,
ANPR-02013-A - Rijstrook 1 - Damstraat,292.5,-1,0,0,,472.5,,leeg,ITT,
ANPR-02013-A - Rijstrook 1 - Damstraat,292.5,1,0,0,,292.5,,leeg,ITT,
ANPR-02014-A - Rijstrook -1 - Kromme Waal,0,-1,0,0,,180,,leeg,ITT,
ANPR-02014-A - Rijstrook -1 - Kromme Waal,0,1,0,0,,0,,leeg,ITT,
ANPR-02015-A - Rijstrook -1 - Kalkmarkt,45,-1,0,0,,225,,leeg,ITT,
ANPR-02015-A - Rijstrook -1 - Kalkmarkt,45,1,0,0,,45,,leeg,ITT,
ANPR-02016-A - Rijstrook 1 - Keizersbrug,157.5,-1,0,0,,337.5,,leeg,ITT,
ANPR-02016-A - Rijstrook 1 - Keizersbrug,157.5,1,0,0,,157.5,,leeg,ITT,
ANPR-02017-A - Rijstrook -1 - Snoekjessteeg,270,-1,0,0,,450,,leeg,ITT,
ANPR-02017-A - Rijstrook -1 - Snoekjessteeg,270,1,0,0,,270,,leeg,ITT,
ANPR-02018-A - Rijstrook -1 - Koningsstraat,315,-1,0,0,,495,,leeg,ITT,
ANPR-02018-A - Rijstrook -1 - Koningsstraat,315,1,0,0,,315,,leeg,ITT,
ANPR-02019-A - Rijstrook -1 - Recht Boomssloot,315,-1,0,0,,495,,leeg,ITT,
ANPR-02019-A - Rijstrook -1 - Recht Boomssloot,315,1,0,0,,315,,leeg,ITT,
ANPR-02020-A - Rijstrook -1 - Binnen Bantammerstraat,315,-1,0,0,,495,,leeg,ITT,
ANPR-02020-A - Rijstrook -1 - Binnen Bantammerstraat,315,1,0,0,,315,,leeg,ITT,
ANPR-02021-A - Rijstrook 1 - De Ruijterkade,112.5,-1,0,0,,292.5,,leeg,nee,
ANPR-02021-A - Rijstrook 1 - De Ruijterkade,112.5,1,0,0,,112.5,,leeg,nee,
ANPR-02021-A - Rijstrook -1 - De Ruijterkade,112.5,-1,0,0,,292.5,,leeg,nee,
ANPR-02021-A - Rijstrook -1 - De Ruijterkade,112.5,1,0,0,,112.5,,leeg,nee,
ANPR-03001-A - Rijstrook 1 - Basisweg,270,1,4.84215209343062,52.3916271291128,0101000020E6100000772B4E1E5D5E13400EE277D620324A40,270,,leeg,nee,
ANPR-03001-A - Rijstrook 2 - Basisweg,270,1,4.84215209343062,52.3916271291128,0101000020E6100000772B4E1E5D5E13400EE277D620324A40,270,,leeg,nee,
ANPR-03001-A - Rijstrook 3 - Basisweg,270,1,4.84215209343062,52.3916271291128,0101000020E6100000772B4E1E5D5E13400EE277D620324A40,270,,leeg,nee,
ANPR-03002-A - Rijstrook 1 - Basisweg,67.5,1,4.82635496507618,52.3917108284374,0101000020E6100000BF8EF7FE2F4E134054D0969423324A40,67.5,,leeg,nee,
ANPR-03002-A - Rijstrook 2 - Basisweg,67.5,1,4.82635496507618,52.3917108284374,0101000020E6100000BF8EF7FE2F4E134054D0969423324A40,67.5,,leeg,nee,
ANPR-03004-A - Rijstrook 1 - Europaboulevard,180,1,4.88998843094717,52.3341958935603,0101000020E610000020F29220598F134043A658EEC62A4A40,180,,leeg,nee,
ANPR-03004-A - Rijstrook 2 - Europaboulevard,180,1,4.88998843094717,52.3341958935603,0101000020E610000020F29220598F134043A658EEC62A4A40,180,,leeg,nee,
ANPR-03004-B - Rijstrook 3 - Europaboulevard,180,1,4.88998843094717,52.3341958935603,0101000020E610000020F29220598F134043A658EEC62A4A40,180,,leeg,nee,
ANPR-03004-B - Rijstrook 4 - Europaboulevard,180,1,4.88998843094717,52.3341958935603,0101000020E610000020F29220598F134043A658EEC62A4A40,180,,leeg,nee,
ANPR-03007-A - Rijstrook 1 - Nieuwe Hemweg,135,1,4.85159600084015,52.4000211256451,0101000020E6100000290D34C808681340682D6AE433334A40,135,,leeg,nee,
ANPR-03008-A - Rijstrook 1 - Nieuwe Hemweg,315,1,0,0,,315,,leeg,nee,
ANPR-03008-A - Rijstrook 2 - Nieuwe Hemweg,315,1,0,0,,315,,leeg,nee,
ANPR-03009-A - Rijstrook -1 - Nieuwe Leeuwarderweg,45,-1,4.93707061967371,52.4058281913955,0101000020E6100000052AC6708FBF134055EB9C2DF2334A40,225,,leeg,nee,
ANPR-03009-A - Rijstrook -2 - Nieuwe Leeuwarderweg,45,-1,4.93707061967371,52.4058281913955,0101000020E6100000052AC6708FBF134055EB9C2DF2334A40,225,,leeg,nee,
ANPR-03009-B - Rijstrook -3 - Nieuwe Leeuwarderweg,45,-1,4.93707061967371,52.4058281913955,0101000020E6100000052AC6708FBF134055EB9C2DF2334A40,225,,leeg,nee,
ANPR-03009-B - Rijstrook -4 - Nieuwe Leeuwarderweg,45,-1,4.93707061967371,52.4058281913955,0101000020E6100000052AC6708FBF134055EB9C2DF2334A40,225,,leeg,nee,
ANPR-03011-A - Rijstrook 1 - Einsteinweg,180,1,4.84357985479355,52.3906768154224,0101000020E6100000669CBF65D35F1340BCC5A8B201324A40,180,,leeg,nee,
ANPR-03011-A - Rijstrook 2 - Einsteinweg,180,1,4.84357985479355,52.3906768154224,0101000020E6100000669CBF65D35F1340BCC5A8B201324A40,180,,leeg,nee,
ANPR-03012-A - Rijstrook 1 - Einsteinweg,0,1,4.84477251722623,52.3934334065433,0101000020E6100000622FF80B0C611340F0209F065C324A40,0,,leeg,nee,
ANPR-03012-A - Rijstrook 2 - Einsteinweg,0,1,4.84477251722623,52.3934334065433,0101000020E6100000622FF80B0C611340F0209F065C324A40,0,,leeg,nee,
ANPR-03013-A - Rijstrook 1 - Europaboulevard,315,1,4.88938835747127,52.3384674041752,0101000020E6100000072153D2BB8E1340E9D85FE6522B4A40,315,,leeg,nee,
ANPR-03013-A - Rijstrook 2 - Europaboulevard,315,1,4.88938835747127,52.3384674041752,0101000020E6100000072153D2BB8E1340E9D85FE6522B4A40,315,,leeg,nee,
ANPR-03014-A - Rijstrook 1 - Piet Heinkade,112.5,1,4.92320691263037,52.3760660246828,0101000020E610000016C124275DB11340239376EE22304A40,112.5,,leeg,nee,
ANPR-03016-A - Rijstrook 1 - Seineweg,180,1,4.81853611768435,52.3909993974528,0101000020E6100000403200552E4613406168AC440C324A40,180,,leeg,nee,
ANPR-03016-A - Rijstrook 2 - Seineweg,180,1,4.81853611768435,52.3909993974528,0101000020E6100000403200552E4613406168AC440C324A40,180,,leeg,nee,
ANPR-03017-A - Rijstrook 1 - Nieuwe Leeuwarderweg,22.5,1,4.94094858040861,52.4089199997151,0101000020E6100000544A500688C3134072BA947D57344A40,22.5,,leeg,nee,
ANPR-03017-A - Rijstrook 2 - Nieuwe Leeuwarderweg,22.5,1,4.94094858040861,52.4089199997151,0101000020E6100000544A500688C3134072BA947D57344A40,22.5,,leeg,nee,
ANPR-03017-A - Rijstrook 3 - Nieuwe Leeuwarderweg,22.5,1,4.94094858040861,52.4089199997151,0101000020E6100000544A500688C3134072BA947D57344A40,22.5,,leeg,nee,
ANPR-03018-A - Rijstrook -1 - Basisweg,270,-1,4.84518472939707,52.3916282808359,0101000020E6100000295B0F1B786113407B3021E020324A40,450,,leeg,nee,
ANPR-03018-A - Rijstrook -2 - Basisweg,270,-1,4.84518472939707,52.3916282808359,0101000020E6100000295B0F1B786113407B3021E020324A40,450,,leeg,nee,
ANPR-03019-A - Rijstrook 1 - Transformatorweg,270,1,4.86170278618864,52.3924177877925,0101000020E610000087351637627213400578FEBE3A324A40,270,,leeg,nee,
ANPR-03019-A - Rijstrook 2 - Transformatorweg,270,1,4.86170278618864,52.3924177877925,0101000020E610000087351637627213400578FEBE3A324A40,270,,leeg,nee,
ANPR-03020-A - Rijstrook 1 - Valkenburgerstraat,225,-1,4.90594863739132,52.3692086921111,0101000020E610000055CEE5FFB09F13400B02FD3A422F4A40,405,,leeg,nee,
ANPR-03020-A - Rijstrook 1 - Valkenburgerstraat,225,1,4.90594863739132,52.3692086921111,0101000020E610000055CEE5FFB09F13400B02FD3A422F4A40,225,,leeg,nee,
ANPR-03020-A - Rijstrook -1 - Valkenburgerstraat,225,-1,4.90594863739132,52.3692086921111,0101000020E610000055CEE5FFB09F13400B02FD3A422F4A40,405,,leeg,nee,
ANPR-03020-A - Rijstrook -1 - Valkenburgerstraat,225,1,4.90594863739132,52.3692086921111,0101000020E610000055CEE5FFB09F13400B02FD3A422F4A40,225,,leeg,nee,
ANPR-03021-A - Rijstrook 1 - Ringweg Noord,135,1,4.94106513380927,52.4061202121437,0101000020E61000007E771494A6C313406EB342BFFB334A40,135,,leeg,nee,
ANPR-03021-A - Rijstrook 2 - Ringweg Noord,135,1,4.94106513380927,52.4061202121437,0101000020E61000007E771494A6C313406EB342BFFB334A40,135,,leeg,nee,
ANPR-03022-A - Rijstrook 1 - Ringweg Noord,315,1,4.94078105884612,52.407660651826,0101000020E6100000EDC2211C5CC31340B8BA67392E344A40,315,,leeg,nee,
ANPR-03023-A - Rijstrook -1 - Zuiderzeeweg,0,-1,4.95733773588911,52.3667236268648,0101000020E61000004B7BEB5750D413400007C0CCF02E4A40,180,,leeg,nee,
ANPR-03024-A - Rijstrook 1 - Zuiderzeeweg,0,1,4.96247673544246,52.3729160209439,0101000020E6100000768B578093D91340E40D51B6BB2F4A40,0,,leeg,nee,
ANPR-03025-A - Rijstrook 1 - Gooiseweg,45,1,4.92012756807055,52.3483168165283,0101000020E6100000450BD4EB35AE134066D13BA5952C4A40,45,,leeg,nee,
ANPR-03025-A - Rijstrook 2 - Gooiseweg,45,1,4.92012756807055,52.3483168165283,0101000020E6100000450BD4EB35AE134066D13BA5952C4A40,45,,leeg,nee,
ANPR-03026-A - Rijstrook 2 - Julianaplein,157.5,1,4.91924813874121,52.3475646646127,0101000020E6100000A43553624FAD1340DBE0B9FF7C2C4A40,157.5,,leeg,nee,
ANPR-03027-A - Rijstrook 2 - Mr. Treublaan,225,1,4.91753011120944,52.3480113930325,0101000020E610000090F572038DAB1340E2DA27A38B2C4A40,225,,leeg,nee,
ANPR-03027-A - Rijstrook 3 - Mr. Treublaan,225,1,4.91753011120944,52.3480113930325,0101000020E610000090F572038DAB1340E2DA27A38B2C4A40,225,,leeg,nee,
ANPR-03028-A - Rijstrook 1 - Wibautstraat,315,1,4.91826140062547,52.348601555149,0101000020E6100000507673B74CAC13408D59CBF99E2C4A40,315,,leeg,nee,
ANPR-03028-A - Rijstrook 2 - Wibautstraat,315,1,4.91826140062547,52.348601555149,0101000020E6100000507673B74CAC13408D59CBF99E2C4A40,315,,leeg,nee,
ANPR-03029-A - Rijstrook 1 - Waterkeringpad,45,1,4.95733773588911,52.3667236268648,0101000020E61000004B7BEB5750D413400007C0CCF02E4A40,45,,leeg,nee,
ANPR-03029-A - Rijstrook 2 - Waterkeringpad,45,1,4.95733773588911,52.3667236268648,0101000020E61000004B7BEB5750D413400007C0CCF02E4A40,45,,leeg,nee,
ANPR-03030-A - Rijstrook 1 - IJburglaan,135,1,5.00064792286823,52.3522209328086,0101000020E6100000121E5ED9A900144091B05593152D4A40,135,,leeg,nee,
ANPR-03031-A - Rijstrook 1 - IJburglaan,315,1,4.99845407103773,52.353387625111,0101000020E610000014A976BE6AFE1340D55442CE3B2D4A40,315,,leeg,nee,
ANPR-03032-A - Rijstrook -1 - Piet Heintunnel,270,-1,4.93420573800125,52.3725298848268,0101000020E6100000BDCDD16DA0BC1340920E2C0FAF2F4A40,450,,leeg,nee,
ANPR-03032-A - Rijstrook -2 - Piet Heintunnel,270,-1,4.93420573800125,52.3725298848268,0101000020E6100000BDCDD16DA0BC1340920E2C0FAF2F4A40,450,,leeg,nee,
ANPR-03033-A - Rijstrook 1 - Panamalaan,180,1,4.933981308274,52.3717814272502,0101000020E6100000D072989865BC13405AA6A788962F4A40,180,,leeg,nee,
ANPR-03033-A - Rijstrook 2 - Panamalaan,180,1,4.933981308274,52.3717814272502,0101000020E6100000D072989865BC13405AA6A788962F4A40,180,,leeg,nee,
ANPR-03034-A - Rijstrook 1 - Piet Heinkade,315,1,4.93143363879714,52.3739768236569,0101000020E6100000A61C64BDC9B91340BD88F978DE2F4A40,315,,leeg,nee,
ANPR-03036-A - Rijstrook 1 - Westerdoksdijk,180,1,4.89160815055746,52.3891100921337,0101000020E610000026F71DBA01911340FD20085CCE314A40,180,,leeg,nee,
ANPR-03037-A - Rijstrook 1 - Houtmankade,180,1,4.88491942744701,52.3901621854474,0101000020E610000078EB8151288A1340F850A1D5F0314A40,180,,leeg,nee,
ANPR-03038-A - Rijstrook 1 - Barentszplein,292.5,1,4.89054187598114,52.3896937188594,0101000020E6100000D93AA435EA8F134094FAD87BE1314A40,292.5,,leeg,nee,
ANPR-03039-A - Rijstrook 1 - Haarlemmerweg,292.5,1,4.8804720431803,52.3852503050884,0101000020E6100000B5019A769A8513407690CAE14F314A40,292.5,,leeg,nee,
ANPR-03040-A - Rijstrook 2 - Houtmankade,0,1,4.88159857232858,52.3851240531578,0101000020E6100000FF67B1C6C1861340989BB6BE4B314A40,0,,leeg,nee,
ANPR-03041-A - Rijstrook 1 - Amstelveenseweg,225,1,0,0,,225,,leeg,nee,
ANPR-03042-A - Rijstrook 1 - Jan van Galenstraat,180,1,0,0,,180,,leeg,nee,
ANPR-03042-A - Rijstrook 2 - Jan van Galenstraat,180,1,0,0,,180,,leeg,nee,
ANPR-03043-A - Rijstrook 1 - Jan van Galenstraat,0,1,0,0,,0,,leeg,nee,
ANPR-03043-A - Rijstrook 2 - Jan van Galenstraat,0,1,0,0,,0,,leeg,nee,
ANPR-03044-A - Rijstrook 1 - Jan van Galenstraat,270,1,4.84129936350902,52.3724174732195,0101000020E6100000E2AA91947D5D1340EDF73160AB2F4A40,270,,leeg,nee,
ANPR-03044-A - Rijstrook 2 - Jan van Galenstraat,270,1,4.84129936350902,52.3724174732195,0101000020E6100000E2AA91947D5D1340EDF73160AB2F4A40,270,,leeg,nee,
ANPR-03049-A - Rijstrook 2 - Stadhouderskade,135,-1,0,0,,315,,leeg,nee,
ANPR-03049-A - Rijstrook 2 - Stadhouderskade,135,1,0,0,,135,,leeg,nee,
ANPR-03049-A - Rijstrook 3 - Stadhouderskade,135,-1,0,0,,315,,leeg,nee,
ANPR-03049-A - Rijstrook 3 - Stadhouderskade,135,1,0,0,,135,,leeg,nee,
ANPR-03049-A - Rijstrook 4 - Stadhouderskade,135,-1,0,0,,315,,leeg,nee,
ANPR-03049-A - Rijstrook 4 - Stadhouderskade,135,1,0,0,,135,,leeg,nee,
ANPR-03051-A - Rijstrook 1 - Nassaukade,337.5,-1,0,0,,517.5,,leeg,nee,
ANPR-03051-A - Rijstrook 1 - Nassaukade,337.5,1,0,0,,337.5,,leeg,nee,
ANPR-03051-A - Rijstrook 2 - Nassaukade,337.5,1,0,0,,337.5,,leeg,nee,
ANPR-03055-A - Rijstrook 1 - Stadhouderskade,135,1,0,0,,135,,leeg,nee,
ANPR-03055-A - Rijstrook 2 - Stadhouderskade,135,-1,0,0,,315,,leeg,nee,
ANPR-03055-A - Rijstrook 2 - Stadhouderskade,135,1,0,0,,135,,leeg,nee,
ANPR-03055-A - Rijstrook 3 - Stadhouderskade,135,1,0,0,,135,,leeg,nee,
ANPR-03056-A - Rijstrook 1 - Hobbemakade,202.5,-1,0,0,,382.5,,leeg,nee,
ANPR-03056-A - Rijstrook 1 - Hobbemakade,202.5,1,0,0,,202.5,,leeg,nee,
ANPR-03056-A - Rijstrook 2 - Hobbemakade,202.5,1,0,0,,202.5,,leeg,nee,
ANPR-03062-A - Rijstrook 1 - Amsteldijk,157.5,-1,0,0,,337.5,,leeg,nee,
ANPR-03062-A - Rijstrook 1 - Amsteldijk,157.5,1,0,0,,157.5,,leeg,nee,
ANPR-03062-A - Rijstrook 2 - Amsteldijk,157.5,1,0,0,,157.5,,leeg,nee,
ANPR-03063-A - Rijstrook 1 - Stadhouderskade,247.5,-1,0,0,,427.5,,leeg,nee,
ANPR-03063-A - Rijstrook 1 - Stadhouderskade,247.5,1,0,0,,247.5,,leeg,nee,
ANPR-03063-A - Rijstrook 2 - Stadhouderskade,247.5,-1,0,0,,427.5,,leeg,nee,
ANPR-03063-A - Rijstrook 2 - Stadhouderskade,247.5,1,0,0,,247.5,,leeg,nee,
ANPR-03075-A - Rijstrook -1 - IJburglaan,135,-1,0,0,,315,,leeg,nee,
ANPR-03075-A - Rijstrook -2 - IJburglaan,135,-1,0,0,,315,,leeg,nee,
ANPR-03100-A - Rijstrook 1 - Muntbergweg,67.5,-1,0,0,,247.5,,leeg,nee,
ANPR-03100-A - Rijstrook 1 - Muntbergweg,67.5,1,0,0,,67.5,,leeg,nee,
ANPR-03100-A - Rijstrook 2 - Muntbergweg,67.5,-1,0,0,,247.5,,leeg,nee,
ANPR-03100-A - Rijstrook 2 - Muntbergweg,67.5,1,0,0,,67.5,,leeg,nee,
ANPR-03125-A - Rijstrook 1 - Nassaukade,180,-1,0,0,,360,,leeg,nee,
ANPR-03125-A - Rijstrook 1 - Nassaukade,180,1,0,0,,180,,leeg,nee,
ANPR-03125-A - Rijstrook 2 - Nassaukade,180,-1,0,0,,360,,leeg,nee,
ANPR-03125-A - Rijstrook 2 - Nassaukade,180,1,0,0,,180,,leeg,nee,
ANPR-03126-A - Rijstrook 1 - Tweede Hugo de Grootstraat,270,-1,0,0,,450,,leeg,nee,
ANPR-03126-A - Rijstrook 1 - Tweede Hugo de Grootstraat,270,1,0,0,,270,,leeg,nee,
ANPR-03126-A - Rijstrook 2 - Tweede Hugo de Grootstraat,270,-1,0,0,,450,,leeg,nee,
ANPR-03126-A - Rijstrook 2 - Tweede Hugo de Grootstraat,270,1,0,0,,270,,leeg,nee,
ANPR-03127-A - Rijstrook 1 - Nassaukade,0,-1,0,0,,180,,leeg,nee,
ANPR-03127-A - Rijstrook 1 - Nassaukade,0,1,0,0,,0,,leeg,nee,
ANPR-03128-A - Rijstrook 1 - Gaasperdammerweg,67.5,-1,0,0,,247.5,,leeg,nee,
ANPR-03128-A - Rijstrook 1 - Gaasperdammerweg,67.5,1,0,0,,67.5,,leeg,nee,
ANPR-03128-A - Rijstrook 2 - Gaasperdammerweg,67.5,-1,0,0,,247.5,,leeg,nee,
ANPR-03128-A - Rijstrook 2 - Gaasperdammerweg,67.5,1,0,0,,67.5,,leeg,nee,
ANPR-03129-A - Rijstrook 1 - Gooiseweg,135,-1,0,0,,315,,leeg,nee,
ANPR-03129-A - Rijstrook 1 - Gooiseweg,135,1,0,0,,135,,leeg,nee,
ANPR-03129-A - Rijstrook 2 - Gooiseweg,135,-1,0,0,,315,,leeg,nee,
ANPR-03129-A - Rijstrook 2 - Gooiseweg,135,1,0,0,,135,,leeg,nee,
ANPR-03129-A - Rijstrook 3 - Gooiseweg,135,-1,0,0,,315,,leeg,nee,
ANPR-03129-A - Rijstrook 3 - Gooiseweg,135,1,0,0,,135,,leeg,nee,
ANPR-03130-A - Rijstrook 1 - Gaasperdammerweg,247.5,-1,0,0,,427.5,,leeg,nee,
ANPR-03130-A - Rijstrook 1 - Gaasperdammerweg,247.5,1,0,0,,247.5,,leeg,nee,
ANPR-03130-A - Rijstrook 2 - Gaasperdammerweg,247.5,-1,0,0,,427.5,,leeg,nee,
ANPR-03130-A - Rijstrook 2 - Gaasperdammerweg,247.5,1,0,0,,247.5,,leeg,nee,
ANPR-03131-A - Rijstrook 1 - Gooiseweg,337.5,-1,0,0,,517.5,,leeg,nee,
ANPR-03131-A - Rijstrook 1 - Gooiseweg,337.5,1,0,0,,337.5,,leeg,nee,
ANPR-03131-A - Rijstrook 2 - Gooiseweg,337.5,-1,0,0,,517.5,,leeg,nee,
ANPR-03131-A - Rijstrook 2 - Gooiseweg,337.5,1,0,0,,337.5,,leeg,nee,
ANPR-03131-A - Rijstrook 3 - Gooiseweg,337.5,-1,0,0,,517.5,,leeg,nee,
ANPR-03131-A - Rijstrook 3 - Gooiseweg,337.5,1,0,0,,337.5,,leeg,nee,
ANPR-09001-A - Rijstrook -1 - Wespoortweg,112.5,-1,4.8533544436449,52.3596572948998,0101000020E61000008B674DBFD569134063AE0F40092E4A40,292.5,,leeg,nee,
ANPR-09001-A - Rijstrook -2 - Westpoortweg,112.5,-1,4.8533544436449,52.3596572948998,0101000020E61000008B674DBFD569134063AE0F40092E4A40,292.5,,leeg,nee,
ANPR-09002-A - Rijstrook -1 - Westpoortweg,292.5,-1,4.8533544436449,52.3596572948998,0101000020E61000008B674DBFD569134063AE0F40092E4A40,472.5,,leeg,nee,
ANPR-09002-A - Rijstrook -2 - Westpoortweg,292.5,-1,4.8533544436449,52.3596572948998,0101000020E61000008B674DBFD569134063AE0F40092E4A40,472.5,,leeg,nee,
Burgemaaster Stramanweg nabij Boris Pasternakstraat - Rijstrook 2,67.5,1,0,0,,67.5,,leeg,nee,
Burgemeester Stramanweg (N522) nabij oprit (A2) ri. Zuid - Rijstrook 1,45,1,0,0,,45,,leeg,nee,
Burgemeester Stramanweg (N522) nabij oprit (A2) ri. Zuid - Rijstrook 2,315,1,0,0,,315,,leeg,nee,
Burgemeester Stramanweg nabij Holterbergweg - Rijstrook 2,247.5,1,0,0,,247.5,,leeg,nee,
Cornelis Lelylaan (s106) nabij Afrit Einsteinweg (A10) ri. zuid - Rijstrook 1,247.5,1,0,0,,247.5,,leeg,nee,
Daalwijkdreef nabij oprit Gooiseweg (s112) - Rijstrook 1,247.5,1,0,0,,247.5,,leeg,nee,
Daalwijkdreef nabij oprit Gooiseweg (s112) - Rijstrook 1,67.5,1,0,0,,67.5,,leeg,nee,
De Boelelaan nabij Beethovenstraat - Rijstrook 1,270,1,0,0,,270,,leeg,nee,
De Boelelaan nabij Buitenveldertselaan (v.h.van Heenvlietlaan) - Rijstrook 1,90,1,0,0,,90,,leeg,nee,
De Boelelaan nabij Europaboulevard (s109) - Rijstrook 1,270,1,0,0,,270,,leeg,nee,
Diepenbrockstraat (s109) nabij Stadionweg (s108) - Rijstrook 1,135,1,0,0,,135,,leeg,nee,
Einsteinweg (A10) oprit Binnenring nabij Vlothavenweg - Rijstrook 1,22.5,1,0,0,,22.5,,leeg,nee,
Europaboulevard (s109) nabij A10 - Rijstrook 1,225,1,0,0,,225,,leeg,nee,
Europaboulevard (s109) nabij Van Nijenrodeweg - Rijstrook 1,0,1,0,0,,0,,leeg,nee,
Gooiseweg (112) nabij Daalwijkdreef - Rijstrook 2,157.5,1,0,0,,157.5,,leeg,nee,
Gooiseweg (s112) nabij Daalwijkdreef - Rijstrook 3,337.5,1,0,0,,337.5,,leeg,nee,
Gooiseweg nabij Afrit Ringweg Zuid (A10) - Rijstrook 2,135,1,0,0,,135,,leeg,nee,
Haarlemmerplein (s103) nabij Nassauplein (s100) - Rijstrook 1,112.5,1,0,0,,112.5,,leeg,nee,
Hobbemakade (s108) nabij Stadhouderskade (s100) - Rijstrook 1,202.5,1,0,0,,202.5,,leeg,nee,
Holterbergweg (s111) nabij Burgemeester Stramanweg - Rijstrook 2,337.5,1,0,0,,337.5,,leeg,nee,
Holterbergweg (s111) nabij De entree - Rijstrook 2,157.5,1,0,0,,157.5,,leeg,nee,
IJburglaan (s114) nabij Afrit Ringweg-Oost (A10) - Rijstrook 1,135,1,0,0,,135,,leeg,nee,
Jan van Galenstraat (s105) nabij Admiraal de Ruyerweg - Rijstrook 1,247.5,1,0,0,,247.5,,leeg,nee,
Jan van Galenstraat (s105) nabij Admiraal de Ruyerweg - Rijstrook 1,67.5,1,0,0,,67.5,,leeg,nee,
Johannes Blookerweg (s111) nabij Verlengde Van Marwijk Kooystraweg - Rijstrook 1,157.5,1,0,0,,157.5,,leeg,nee,
Johannes Blookerweg (s111) nabij Verlengde Van Marwijk Kooystraweg - Rijstrook 2,247.5,1,0,0,,247.5,,leeg,nee,
Lineausstraat (s113) nabij Mauritskade (s100) - Rijstrook 1,157.5,1,0,0,,157.5,,leeg,nee,
Mauritskade (s100) nabij Andreas Bonnstraat - Rijstrook 1,45,1,0,0,,45,,leeg,nee,
Mauritskade (s100) nabij Lineausstraat (s113) - Rijstrook 1,45,1,0,0,,45,,leeg,nee,
Mauritskade (s100/s113) nabij Lineausstraat (s113) - Rijstrook 1,247.5,1,0,0,,247.5,,leeg,nee,
Meibergdreef (s111) nabij Snijdersbergweg - Rijstrook 2,157.5,1,0,0,,157.5,,leeg,nee,
Meibergdreef (s111) nabij Snijdersbergweg - Rijstrook 2,67.5,1,0,0,,67.5,,leeg,nee,
Muntbergweg (s111) nabij afrit (A9) uit oost - Rijstrook 2,337.5,1,0,0,,337.5,,leeg,nee,
Nassaukade (s100) nabij Nassauplein (s103) - Rijstrook 1,180,1,0,0,,180,,leeg,nee,
Nassaukade (s100) nabij Overtoom (s106) - Rijstrook 1,337.5,1,0,0,,337.5,,leeg,nee,
Oprit (A10) binnenring nabij Zuiderzeeweg (s115) - Rijstrook 1,157.5,1,0,0,,157.5,,leeg,nee,
Oprit (A9) ri. West nabij Muntbergweg (s111) - Rijstrook 1,67.5,1,0,0,,67.5,,leeg,nee,
Oprit Einsteinweg (A10) ri. noord nabij Cornelis Lelylaan (s106) - Rijstrook 1,0,1,0,0,,0,,leeg,nee,
Oprit Einsteinweg (A10) ri. zuid nabij Cornelis Lelylaan (s106) - Rijstrook 2,180,1,0,0,,180,,leeg,nee,
Oprit ringweg Oost (A10) nabij Gooiseweg - Rijstrook 1,225,1,0,0,,225,,leeg,nee,
Oprit Ringweg zuid (A10) ri. oost nabij Amstelveenseweg (s108) - Rijstrook 2,90,1,0,0,,90,,leeg,nee,
Oprit Ringweg zuid (A10) ri. west nabij Amstelveenseweg (s108) - Rijstrook 2,67.5,1,0,0,,67.5,,leeg,nee,
Oprit Ringweg Zuid nabij Gooiseweg (s112) - Rijstrook 1,202.5,1,0,0,,202.5,,leeg,nee,
Oprit Ringweg-Oost nabij IJburglaan (s114) - Rijstrook 1,225,1,0,0,,225,,leeg,nee,
Overtoom (s106) nabij Amstelveenseweg - Rijstrook 1,67.5,1,0,0,,67.5,,leeg,nee,
Overtoom (s106) nabij Nassaukade (s100) - Rijstrook 1,247.5,1,0,0,,247.5,,leeg,nee,
Rhijnspoorplein (s112) nabij Mauritskade (s100) - Rijstrook 2,337.5,1,0,0,,337.5,,leeg,nee,
Rhijnspoorplein (s112) nabij Mauritskade (s100) - Rijstrook 2,157.5,1,0,0,,157.5,,leeg,nee,
Rijksweg A10 - S102 (binnenring) nabij hectometer 26.158 Re - Rijstrook 4,0,1,0,0,,0,,leeg,nee,
Rijksweg A10 - S102 (buitenring) nabij hectometer 28.125 Li - Rijstrook 4,225,1,0,0,,225,,leeg,nee,
Rijksweg A10 - S112 (binnenring) nabij hectometer 12.9 Re - Rijstrook 4,225,1,0,0,,225,,leeg,nee,
Rijksweg A10 - S112 (buitenring) nabij hectometer 14.345 Li - Rijstrook 5,67.5,1,0,0,,67.5,,leeg,nee,
Rijksweg A10 - S114 (binnenring) nabij hectometer 8.150 Re - Rijstrook 3,180,1,0,0,,180,,leeg,nee,
Rijksweg A10 - S114 (buitenring) nabij hectometer 10.990 Li - Rijstrook 4,22.5,1,0,0,,22.5,,leeg,nee,
Rijksweg A10 - S116 (binnenring) nabij hectometer 2.515 Re - Rijstrook 3,135,1,0,0,,135,,leeg,nee,
Rijksweg A10 - S116 (buitenring) nabij hectometer 5.295 Li - Rijstrook 3,315,1,0,0,,315,,leeg,nee,
Stadhouderskade (s100) nabij Hobbemakade (s108) - Rijstrook 1,315,1,0,0,,315,,leeg,nee,
Stadhouderskade (s100) nabij Hobbemakade (s108) - Rijstrook 2,135,1,0,0,,135,,leeg,nee,
Stadhouderskade (s100) nabij Overtoom (s106) - Rijstrook 2,135,1,0,0,,135,,leeg,nee,
Stadionweg (s108) nabij Apollolaan - Rijstrook 1,45,1,0,0,,45,,leeg,nee,
Stadionweg (s108) nabij Diepenbrockstraat (s109) - Rijstrook 1,270,1,0,0,,270,,leeg,nee,
Surinameplein (s106) nabij Hoofdweg - Rijstrook 1,0,1,0,0,,0,,leeg,nee,
Surinameplein (s106) nabij Lelylaan (s106) - Rijstrook 1,270,1,0,0,,270,,leeg,nee,
Zuiderzeeweg (s115) nabij brug over A10 - Rijstrook 1,67.5,1,0,0,,67.5,,leeg,nee,
Zuiderzeeweg (s115) nabij brug over A10 - Rijstrook 2,67.5,1,0,0,,67.5,,leeg,nee,
